generation,Npop,diversity,encountered,core_pop,core_size
1,31,10,11,31,9
2,97,27,32,82,11
3,178,40,55,142,10
4,238,51,88,183,10
5,236,54,118,158,4
6,192,47,131,138,7
7,148,44,146,113,12
8,183,55,170,148,17
9,109,38,185,80,9
10,80,30,190,55,5
11,76,31,197,56,8
12,87,34,208,67,11
13,109,32,225,83,7
14,52,23,230,52,20
15,79,29,238,60,7
16,70,28,248,53,7
17,47,28,259,47,23
18,87,42,286,87,37
19,86,41,303,64,14
20,134,57,344,134,52
21,304,104,412,209,21
22,374,107,457,257,13
23,585,95,474,373,4
24,560,74,486,348,5
25,578,76,512,348,3
26,476,86,538,312,6
27,337,76,570,243,11
28,197,52,576,143,9
29,151,42,582,101,3
30,125,44,587,85,7
31,87,37,595,63,7
32,60,32,605,60,26
33,90,37,628,90,31
34,243,59,660,172,9
35,581,93,707,344,3
36,942,89,729,604,3
37,1009,85,751,647,2
38,985,75,778,616,2
39,1006,75,795,658,2
40,999,75,816,634,2
41,970,81,846,613,2
42,875,91,874,562,3
43,819,90,888,532,3
44,751,82,895,485,3
45,634,75,907,416,4
46,635,72,918,426,4
47,797,86,929,509,3
48,814,94,942,521,3
49,729,75,950,495,3
50,755,85,961,510,3
51,779,85,973,502,3
52,800,89,988,516,4
53,851,106,1010,541,4
54,752,103,1028,460,4
55,773,103,1039,476,3
56,779,96,1056,493,3
57,811,98,1066,533,4
58,839,95,1079,548,3
59,832,92,1090,549,4
60,833,89,1099,553,4
61,800,97,1111,509,3
62,849,93,1120,551,3
63,788,97,1133,487,3
64,821,101,1140,516,3
65,760,98,1154,471,4
66,813,94,1157,523,4
67,840,86,1165,551,3
68,865,86,1179,565,3
69,828,87,1185,541,4
70,817,89,1189,531,4
71,816,86,1194,518,3
72,792,93,1202,501,3
73,792,94,1213,502,3
74,835,82,1217,526,3
75,802,89,1227,515,3
76,787,91,1235,485,3
77,811,92,1241,517,3
78,796,80,1244,527,5
79,782,90,1254,505,4
80,820,92,1259,527,4
81,838,93,1268,537,3
82,837,90,1272,537,3
83,858,87,1274,558,3
84,818,87,1277,537,4
85,805,90,1282,507,3
86,838,88,1289,555,3
87,816,98,1298,527,3
88,859,87,1302,555,3
89,824,94,1306,532,3
90,815,90,1310,526,3
91,832,101,1314,527,3
92,782,90,1314,485,3
93,806,102,1325,505,3
94,829,96,1327,530,3
95,845,94,1332,542,3
96,838,94,1337,545,3
97,827,99,1346,537,4
98,866,88,1348,574,3
99,826,95,1354,520,3
100,815,91,1357,522,4
101,822,96,1359,518,3
102,806,94,1363,493,3
103,774,96,1366,494,4
104,794,92,1366,510,4
105,831,91,1371,545,4
106,799,86,1375,521,4
107,781,96,1377,496,5
108,797,89,1380,506,3
109,819,98,1383,512,3
110,854,93,1389,562,3
111,841,95,1393,551,3
112,815,84,1396,545,4
113,863,89,1396,583,4
114,882,92,1400,603,3
115,752,97,1409,500,4
116,414,77,1424,281,6
117,367,76,1426,260,7
118,540,87,1430,371,5
119,525,97,1434,342,6
120,542,95,1437,356,8
121,496,88,1440,306,5
122,584,93,1440,382,5
123,557,96,1445,356,7
124,527,86,1449,351,5
125,520,89,1452,332,4
126,556,94,1456,354,4
127,537,102,1460,348,5
128,526,92,1466,346,6
129,498,84,1468,345,10
130,391,78,1469,261,6
131,528,95,1471,335,5
132,582,95,1473,379,6
133,415,80,1475,303,10
134,310,79,1482,245,21
135,285,85,1485,193,11
136,447,89,1486,279,6
137,713,109,1491,458,5
138,410,81,1499,292,9
139,203,67,1504,141,7
140,163,50,1506,136,16
141,153,56,1510,95,5
142,270,61,1517,183,5
143,299,51,1521,215,5
144,286,60,1532,189,4
145,296,54,1540,220,7
146,290,53,1545,197,5
147,282,54,1556,207,9
148,293,57,1561,208,4
149,307,56,1566,210,3
150,305,55,1571,219,4
151,250,59,1582,185,12
152,256,57,1587,197,13
153,271,51,1591,196,7
154,271,55,1595,179,4
155,162,58,1621,127,16
156,204,77,1668,156,20
157,302,91,1703,207,11
158,321,90,1741,217,12
159,472,101,1784,285,6
160,636,99,1809,395,4
161,706,92,1825,475,3
162,673,80,1840,444,4
163,699,83,1857,472,3
164,655,81,1871,463,8
165,667,90,1896,460,6
166,684,83,1912,466,5
167,669,92,1933,433,3
168,692,92,1947,462,3
169,653,96,1960,435,6
170,706,83,1973,487,4
171,711,85,1988,473,3
172,706,79,1998,484,5
173,696,89,2011,457,3
174,690,95,2021,443,3
175,670,95,2032,436,4
176,669,88,2044,430,3
177,668,99,2055,436,4
178,702,90,2060,479,4
179,668,81,2064,437,4
180,681,85,2076,441,3
181,673,86,2080,451,4
182,668,100,2089,431,4
183,638,85,2095,415,6
184,699,90,2106,482,5
185,703,87,2114,466,3
186,714,91,2120,485,3
187,690,88,2125,448,3
188,660,97,2132,438,5
189,658,92,2150,457,7
190,495,91,2170,315,4
191,259,65,2177,168,6
192,157,43,2182,95,3
193,112,38,2188,83,9
194,140,49,2199,101,9
195,235,72,2220,154,8
196,353,79,2244,235,7
197,335,66,2256,237,9
198,360,70,2265,267,9
199,336,77,2273,233,11
200,363,74,2283,240,6
201,370,79,2291,251,5
202,372,77,2297,252,5
203,348,70,2305,226,4
204,351,75,2313,231,6
205,340,79,2322,230,7
206,361,76,2331,252,8
207,352,69,2336,242,7
208,361,75,2345,241,5
209,361,70,2353,242,5
210,369,66,2361,260,5
211,340,78,2373,243,10
212,350,72,2381,218,5
213,392,77,2390,256,4
214,367,78,2402,255,6
215,386,78,2410,271,6
216,366,82,2421,252,7
217,292,79,2435,196,7
218,281,68,2441,193,7
219,234,66,2446,156,8
220,183,54,2450,144,14
221,158,67,2458,120,20
222,304,82,2466,212,9
223,329,69,2470,229,7
224,360,75,2484,248,7
225,389,66,2488,244,3
226,410,60,2493,263,3
227,452,58,2495,308,2
228,423,63,2507,290,3
229,398,63,2518,256,2
230,422,64,2526,287,3
231,396,62,2533,260,4
232,419,65,2541,278,3
233,418,65,2541,272,2
234,427,64,2548,279,6
235,530,69,2560,338,3
236,480,72,2569,320,7
237,508,76,2575,331,5
238,479,80,2586,310,6
239,489,82,2598,297,3
240,504,79,2600,334,5
241,512,71,2607,337,4
242,514,74,2614,335,3
243,470,76,2622,280,3
244,509,77,2632,321,4
245,519,81,2644,349,5
246,485,78,2649,290,3
247,515,77,2653,333,3
248,503,83,2655,305,3
249,521,78,2660,342,3
250,525,83,2666,338,3
251,512,71,2667,333,4
252,536,84,2675,351,3
253,497,83,2681,322,5
254,500,84,2683,342,7
255,512,78,2688,339,4
256,522,91,2696,351,4
257,521,84,2700,332,3
258,522,85,2707,324,3
259,518,85,2711,325,4
260,647,96,2721,416,5
261,675,93,2729,455,4
262,674,93,2737,446,4
263,676,104,2746,433,4
264,687,109,2756,429,4
265,651,98,2765,424,6
266,657,91,2769,434,5
267,684,89,2774,484,6
268,727,96,2781,506,5
269,651,92,2785,427,5
270,686,97,2790,470,7
271,675,103,2797,443,5
272,664,110,2801,438,5
273,687,106,2811,451,4
274,723,102,2817,485,5
275,719,114,2826,462,4
276,691,112,2832,447,4
277,703,107,2839,469,5
278,688,103,2842,445,4
279,714,112,2849,472,4
280,691,109,2852,431,4
281,668,106,2860,435,5
282,721,103,2865,504,5
283,693,96,2865,466,5
284,702,97,2871,479,6
285,679,104,2876,451,5
286,640,92,2879,425,6
287,670,104,2886,439,4
288,620,103,2892,393,5
289,688,110,2897,449,4
290,673,102,2899,441,5
291,713,100,2904,462,4
292,678,105,2907,434,4
293,751,105,2909,514,5
294,715,102,2913,470,5
295,696,99,2914,466,7
296,645,97,2919,398,5
297,649,105,2925,407,5
298,705,105,2926,453,5
299,687,99,2928,458,8
300,602,97,2929,368,6
301,540,97,2932,318,6
302,653,105,2936,421,6
303,660,107,2943,439,9
304,677,103,2945,446,7
305,677,109,2949,449,7
306,670,105,2952,444,8
307,699,112,2957,454,4
308,684,108,2960,437,5
309,650,97,2962,425,7
310,668,99,2963,441,8
311,659,104,2966,443,9
312,650,105,2970,431,9
313,688,106,2974,447,5
314,729,95,2977,489,4
315,689,96,2981,465,6
316,697,95,2985,477,5
317,674,101,2991,439,4
318,701,99,2994,483,6
319,701,104,2997,463,4
320,695,106,3001,454,4
321,684,110,3006,436,5
322,680,105,3006,442,5
323,669,102,3011,425,5
324,658,108,3015,415,4
325,644,97,3017,426,6
326,661,100,3020,424,4
327,684,100,3020,464,5
328,653,99,3021,415,6
329,713,96,3023,471,5
330,713,95,3024,474,5
331,665,96,3027,440,6
332,693,112,3031,451,4
333,706,104,3037,480,7
334,690,105,3044,449,5
335,700,92,3044,489,7
336,680,95,3046,444,5
337,674,110,3047,429,6
338,660,104,3048,413,5
339,636,106,3050,422,8
340,624,97,3053,412,7
341,708,99,3057,488,7
342,729,102,3060,490,5
343,675,102,3062,435,6
344,666,99,3063,425,6
345,632,103,3064,400,5
346,680,104,3065,434,5
347,631,110,3067,401,7
348,658,104,3067,439,6
349,692,103,3069,473,6
350,695,108,3072,454,5
351,663,106,3074,462,7
352,685,96,3076,465,5
353,698,104,3079,447,5
354,695,108,3082,436,6
355,678,101,3084,428,5
356,638,101,3087,404,6
357,675,98,3088,429,5
358,650,106,3091,426,6
359,667,107,3093,417,4
360,676,96,3094,434,6
361,694,99,3098,460,5
362,667,99,3101,428,4
363,691,104,3102,456,4
364,707,109,3103,479,6
365,696,112,3107,459,6
366,696,106,3111,463,4
367,654,109,3114,424,8
368,653,101,3115,398,5
369,663,97,3115,430,5
370,678,107,3116,460,7
371,680,100,3118,455,7
372,700,93,3118,484,7
373,657,97,3119,414,4
374,636,99,3121,417,7
375,674,101,3121,437,4
376,679,101,3121,442,4
377,717,116,3124,492,7
378,687,106,3125,471,8
379,657,100,3128,426,5
380,677,105,3130,430,5
381,707,105,3131,457,4
382,690,113,3131,445,4
383,688,108,3138,447,5
384,714,99,3138,489,5
385,735,99,3141,525,6
386,683,106,3142,454,5
387,707,99,3144,483,7
388,669,98,3147,433,6
389,699,90,3148,492,7
390,700,95,3149,455,4
391,676,106,3153,435,5
392,699,102,3153,469,6
393,688,103,3155,445,5
394,647,96,3156,430,8
395,720,102,3162,487,5
396,702,103,3162,457,5
397,695,112,3163,454,4
398,695,108,3165,451,4
399,694,108,3166,447,5
400,640,110,3170,403,6
401,658,96,3170,423,6
402,663,90,3172,444,6
403,685,100,3174,463,6
404,658,104,3176,434,6
405,683,96,3181,449,5
406,666,100,3181,426,4
407,686,112,3183,444,6
408,714,98,3185,471,4
409,683,105,3185,459,5
410,684,104,3188,453,7
411,678,108,3189,445,7
412,628,95,3190,417,7
413,661,98,3191,451,9
414,642,98,3194,417,6
415,655,97,3195,415,4
416,663,97,3195,421,4
417,688,105,3195,455,5
418,692,102,3196,455,4
419,662,95,3198,451,6
420,657,101,3201,420,4
421,670,104,3201,423,4
422,673,104,3202,429,4
423,666,102,3205,446,8
424,702,106,3208,450,5
425,670,106,3210,449,10
426,681,106,3212,436,5
427,685,113,3214,433,4
428,688,102,3214,458,7
429,631,108,3215,417,10
430,683,110,3217,466,9
431,682,108,3217,437,4
432,691,103,3219,482,7
433,678,104,3220,439,5
434,667,106,3221,436,6
435,680,93,3223,449,5
436,647,105,3224,421,5
437,654,100,3224,425,5
438,690,97,3225,446,4
439,688,97,3226,448,6
440,731,102,3226,485,5
441,696,101,3230,464,4
442,676,102,3233,440,5
443,696,98,3234,445,4
444,696,104,3234,460,5
445,694,110,3234,463,6
446,695,104,3235,459,4
447,689,108,3235,450,4
448,695,108,3235,463,6
449,686,104,3235,444,4
450,672,98,3236,452,6
451,713,99,3238,497,6
452,717,107,3242,481,6
453,717,100,3244,466,4
454,744,108,3245,493,4
455,725,100,3248,482,4
456,670,105,3250,448,6
457,691,106,3252,458,4
458,644,87,3254,424,4
459,683,98,3257,457,6
460,656,102,3257,440,6
461,684,88,3257,470,5
462,683,93,3257,458,6
463,670,100,3258,440,5
464,640,114,3258,394,4
465,674,113,3260,424,5
466,695,113,3262,456,5
467,669,110,3264,425,5
468,690,101,3264,447,5
469,672,92,3265,441,6
470,678,99,3266,450,4
471,635,106,3268,392,4
472,685,110,3269,430,4
473,696,94,3269,476,5
474,674,98,3270,451,7
475,662,103,3276,421,4
476,713,104,3277,464,5
477,708,108,3277,473,6
478,663,102,3278,419,5
479,676,99,3279,453,9
480,665,103,3279,440,7
481,674,98,3279,429,4
482,719,105,3281,475,5
483,733,101,3281,499,7
484,704,100,3283,457,4
485,687,94,3283,455,4
486,711,101,3284,480,4
487,703,107,3286,459,4
488,671,110,3289,434,5
489,702,104,3290,453,5
490,684,108,3292,448,7
491,688,102,3292,455,4
492,720,99,3292,481,4
493,696,104,3293,458,5
494,694,102,3296,457,4
495,695,105,3296,445,4
496,697,99,3297,447,5
497,638,94,3299,386,4
498,671,98,3299,415,4
499,634,101,3299,408,5
500,702,104,3299,467,5
501,701,100,3301,465,5
502,654,105,3303,408,4
503,647,112,3304,409,5
504,694,110,3305,461,7
505,705,104,3306,458,6
506,667,93,3306,432,5
507,669,96,3308,459,6
508,717,106,3310,473,4
509,683,101,3311,440,4
510,684,102,3311,460,6
511,654,104,3313,421,6
512,713,105,3316,465,4
513,662,106,3319,413,4
514,695,111,3320,435,4
515,739,103,3320,512,6
516,695,103,3322,448,4
517,635,108,3322,399,5
518,657,100,3323,424,5
519,686,107,3324,451,4
520,673,111,3325,450,4
521,699,103,3325,449,4
522,678,98,3326,443,4
523,654,102,3326,413,4
524,686,104,3326,443,5
525,629,107,3326,410,9
526,678,107,3326,441,5
527,675,105,3328,428,5
528,631,104,3328,389,6
529,653,98,3328,407,5
530,697,110,3329,446,4
531,687,104,3331,441,5
532,689,100,3332,446,4
533,688,98,3333,460,4
534,633,101,3333,390,5
535,687,104,3334,452,5
536,685,105,3335,433,4
537,700,113,3337,446,6
538,652,108,3339,405,4
539,677,99,3339,440,4
540,657,105,3341,438,7
541,657,101,3341,414,4
542,631,107,3341,390,5
543,666,103,3341,430,4
544,666,103,3341,429,5
545,690,107,3342,467,5
546,671,97,3343,437,5
547,644,107,3344,432,7
548,651,102,3344,418,5
549,672,99,3345,437,6
550,661,104,3347,413,4
551,714,105,3348,474,4
552,730,99,3350,478,4
553,693,94,3353,451,4
554,664,104,3354,434,6
555,689,97,3355,454,4
556,678,102,3356,471,8
557,682,95,3358,458,7
558,697,99,3360,455,5
559,686,103,3362,446,5
560,677,107,3365,440,4
561,673,112,3365,426,4
562,693,104,3365,446,4
563,686,104,3366,463,6
564,684,92,3366,467,6
565,685,105,3367,464,7
566,694,96,3368,464,5
567,675,101,3370,439,4
568,706,105,3373,466,4
569,696,109,3373,459,4
570,671,103,3375,439,5
571,710,108,3376,469,4
572,675,104,3376,440,6
573,712,101,3377,491,7
574,680,107,3379,436,5
575,682,98,3379,451,4
576,652,97,3379,451,8
577,666,107,3379,463,8
578,669,102,3379,451,5
579,657,112,3380,434,5
580,657,106,3381,408,4
581,682,104,3382,444,4
582,670,105,3383,418,5
583,685,106,3383,452,8
584,724,105,3387,488,5
585,695,110,3391,443,5
586,682,107,3393,448,7
587,661,101,3393,427,5
588,710,104,3394,488,6
589,686,93,3399,459,5
590,668,95,3399,434,4
591,702,105,3399,462,4
592,704,101,3399,470,5
593,708,98,3400,468,4
594,638,110,3402,392,4
595,670,115,3405,438,7
596,667,108,3407,409,4
597,714,112,3409,479,5
598,715,104,3410,473,4
599,740,112,3410,518,6
600,684,110,3412,435,4
601,633,106,3412,415,8
602,595,101,3413,381,7
603,680,104,3414,448,6
604,693,101,3417,472,7
605,696,112,3419,444,4
606,652,102,3419,419,5
607,669,104,3419,444,7
608,650,103,3419,425,6
609,641,90,3419,443,8
610,632,93,3420,428,6
611,670,93,3420,436,4
612,694,103,3420,461,5
613,693,108,3421,452,4
614,688,103,3421,468,6
615,695,110,3422,459,5
616,675,119,3423,429,5
617,690,104,3423,461,6
618,670,107,3425,430,5
619,675,106,3426,431,4
620,688,105,3426,456,4
621,716,100,3426,483,4
622,678,102,3427,437,5
623,663,104,3428,428,6
624,652,102,3431,416,6
625,661,95,3431,453,8
626,660,98,3432,427,5
627,706,106,3434,475,5
628,653,108,3437,427,5
629,678,95,3437,447,5
630,644,98,3438,409,5
631,682,101,3438,468,8
632,678,102,3438,424,4
633,727,102,3440,504,6
634,693,105,3440,447,4
635,650,94,3440,434,5
636,660,112,3440,432,5
637,632,108,3441,407,6
638,692,104,3441,489,8
639,666,99,3441,422,5
640,723,95,3443,488,5
641,682,94,3445,452,5
642,729,99,3446,506,5
643,682,99,3447,447,5
644,676,93,3448,439,4
645,647,98,3448,399,4
646,680,102,3450,423,4
647,666,103,3451,423,4
648,662,106,3451,420,5
649,674,94,3451,444,5
650,693,97,3451,453,5
651,663,104,3451,440,7
652,733,107,3453,500,4
653,702,104,3453,463,5
654,703,109,3454,466,6
655,669,104,3457,419,4
656,691,108,3457,440,5
657,684,109,3458,445,4
658,624,107,3460,381,5
659,634,99,3461,395,4
660,662,104,3461,418,4
661,655,102,3462,436,7
662,654,102,3465,410,4
663,673,109,3466,428,5
664,668,111,3467,423,4
665,687,106,3467,442,4
666,690,110,3467,456,7
667,680,103,3467,426,4
668,724,104,3469,487,5
669,716,99,3470,467,4
670,670,100,3472,443,7
671,663,101,3474,427,6
672,680,104,3474,435,4
673,721,94,3474,488,4
674,708,98,3475,468,5
675,657,100,3475,435,7
676,698,91,3476,485,7
677,666,103,3477,453,9
678,661,99,3478,428,6
679,666,105,3478,421,4
680,635,108,3480,400,6
681,672,115,3482,429,5
682,649,101,3482,444,8
683,650,104,3482,430,7
684,685,106,3484,446,4
685,648,100,3484,443,8
686,705,96,3484,485,6
687,689,98,3486,463,6
688,648,103,3486,427,8
689,709,103,3486,474,7
690,694,106,3488,475,8
691,687,104,3489,449,6
692,694,106,3490,451,5
693,727,113,3490,484,5
694,682,103,3490,433,4
695,657,96,3492,434,5
696,659,93,3492,430,4
697,669,100,3493,438,6
698,640,99,3493,398,5
699,667,96,3493,426,5
700,668,101,3494,427,5
701,666,101,3494,430,5
702,690,112,3494,464,5
703,677,108,3495,442,6
704,671,110,3495,438,5
705,683,104,3496,448,4
706,690,101,3498,444,4
707,724,106,3499,477,4
708,671,102,3500,440,6
709,694,102,3501,443,4
710,705,103,3502,462,4
711,678,104,3503,447,6
712,696,106,3503,464,5
713,695,100,3503,462,5
714,688,103,3504,489,8
715,650,103,3505,409,6
716,677,104,3506,435,5
717,679,103,3506,428,4
718,679,104,3507,447,5
719,696,111,3509,462,5
720,646,106,3511,418,5
721,673,103,3511,445,6
722,728,105,3511,499,4
723,678,100,3511,446,4
724,691,101,3511,435,4
725,653,99,3513,413,5
726,695,98,3513,451,4
727,660,97,3515,425,4
728,645,101,3518,427,6
729,644,102,3520,405,4
730,685,105,3520,438,4
731,645,108,3521,398,4
732,659,107,3524,416,5
733,655,99,3524,431,6
734,655,100,3525,432,7
735,626,104,3528,396,6
736,672,106,3528,425,6
737,686,102,3530,451,7
738,690,98,3531,448,5
739,658,94,3531,422,7
740,640,99,3532,418,7
741,651,102,3534,418,5
742,650,100,3535,435,7
743,655,97,3535,435,6
744,635,105,3535,416,6
745,618,98,3535,392,5
746,675,100,3536,448,6
747,650,97,3537,419,5
748,693,99,3537,454,4
749,695,105,3539,439,5
750,664,121,3542,400,5
751,607,104,3545,379,6
752,599,103,3546,367,6
753,630,97,3546,404,6
754,634,93,3547,409,4
755,705,112,3548,476,4
756,662,106,3549,423,4
757,689,100,3550,441,4
758,712,102,3553,467,4
759,702,99,3553,478,6
760,709,104,3553,482,6
761,686,108,3555,461,6
762,711,106,3555,482,5
763,707,108,3557,457,4
764,740,103,3559,497,4
765,736,100,3561,496,4
766,725,105,3562,488,6
767,714,111,3566,471,5
768,755,107,3569,508,6
769,698,103,3569,463,5
770,700,104,3569,463,5
771,670,111,3570,415,4
772,705,104,3570,454,5
773,649,99,3572,411,4
774,690,111,3573,453,8
775,721,102,3576,498,8
776,687,103,3577,450,6
777,717,98,3578,474,5
778,708,104,3578,476,5
779,669,114,3578,425,5
780,675,113,3579,443,7
781,641,117,3580,430,10
782,653,110,3580,414,6
783,686,107,3580,457,6
784,672,102,3581,427,4
785,661,93,3581,433,6
786,673,95,3581,429,5
787,698,99,3581,454,4
788,705,99,3581,470,5
789,672,102,3582,429,4
790,667,103,3582,439,6
791,631,101,3582,388,5
792,679,99,3583,458,6
793,645,104,3583,420,5
794,688,101,3584,454,4
795,691,105,3584,455,5
796,727,101,3585,501,5
797,714,102,3586,486,5
798,662,104,3588,435,7
799,614,102,3589,382,6
800,630,112,3590,398,6
801,668,108,3592,413,4
802,677,100,3592,437,5
803,689,104,3594,446,6
804,669,103,3597,424,4
805,673,96,3598,423,5
806,668,102,3600,434,5
807,675,103,3600,445,5
808,680,105,3601,437,4
809,715,102,3603,464,4
810,744,105,3606,507,4
811,709,108,3608,481,6
812,683,101,3608,451,4
813,656,101,3608,434,5
814,668,96,3610,438,4
815,642,98,3611,434,8
816,675,98,3611,430,5
817,650,104,3611,431,7
818,666,100,3613,441,6
819,685,104,3614,431,4
820,692,106,3615,458,4
821,709,105,3616,471,4
822,690,108,3616,444,4
823,704,113,3617,456,5
824,670,100,3617,434,7
825,641,107,3619,406,5
826,741,116,3619,476,4
827,723,112,3621,471,6
828,737,105,3622,492,6
829,681,97,3623,436,4
830,678,103,3623,426,4
831,677,104,3624,433,5
832,630,100,3624,404,6
833,670,105,3626,433,5
834,666,109,3626,430,4
835,713,118,3629,456,4
836,716,111,3630,458,5
837,700,104,3631,457,4
838,688,104,3632,434,4
839,715,102,3633,478,6
840,681,102,3633,464,8
841,669,101,3634,417,5
842,731,103,3635,497,6
843,694,105,3636,470,7
844,704,99,3639,495,8
845,684,101,3641,448,5
846,730,100,3641,500,7
847,669,105,3642,423,6
848,689,112,3644,442,5
849,688,105,3645,443,5
850,697,92,3646,484,7
851,655,91,3646,420,4
852,635,104,3646,410,7
853,685,105,3648,447,6
854,696,110,3650,442,4
855,648,110,3651,397,4
856,674,110,3654,443,5
857,687,104,3655,451,4
858,698,100,3656,454,4
859,744,109,3656,505,5
860,711,107,3657,470,5
861,712,101,3658,473,5
862,711,106,3659,476,4
863,696,106,3659,459,4
864,701,107,3659,468,5
865,672,109,3660,434,4
866,651,110,3660,412,5
867,690,109,3660,451,6
868,716,106,3660,463,4
869,675,105,3663,434,4
870,670,109,3664,439,6
871,699,109,3664,453,5
872,688,102,3665,456,5
873,648,96,3665,448,8
874,660,110,3668,425,5
875,651,104,3668,423,6
876,655,101,3670,432,6
877,687,102,3670,469,7
878,710,104,3674,479,7
879,674,103,3675,451,9
880,685,102,3676,465,5
881,664,104,3680,429,5
882,695,113,3681,440,4
883,701,109,3682,456,4
884,679,103,3684,443,6
885,686,101,3685,468,8
886,659,103,3687,436,6
887,678,104,3688,438,5
888,675,112,3688,431,6
889,674,104,3691,434,4
890,681,101,3692,458,5
891,681,101,3692,437,4
892,687,103,3693,441,5
893,686,97,3693,447,5
894,638,95,3694,415,7
895,627,101,3695,388,5
896,685,100,3695,454,6
897,701,112,3698,451,5
898,725,107,3699,489,4
899,712,110,3699,468,4
900,655,110,3700,410,6
901,672,103,3700,435,6
902,657,99,3701,442,7
903,680,109,3703,433,4
904,683,98,3703,448,5
905,676,107,3705,423,4
906,641,99,3706,420,6
907,606,106,3706,378,6
908,652,101,3706,417,5
909,692,101,3707,464,5
910,730,108,3707,491,4
911,676,109,3708,433,4
912,663,112,3710,419,5
913,687,105,3713,459,6
914,721,106,3717,483,4
915,690,106,3718,448,4
916,716,110,3718,460,4
917,679,111,3720,444,6
918,721,107,3722,482,4
919,694,96,3722,452,4
920,688,100,3722,463,7
921,680,103,3722,421,5
922,721,100,3724,480,4
923,697,103,3724,464,4
924,642,101,3726,402,4
925,644,104,3726,418,8
926,669,108,3727,421,5
927,681,102,3727,433,5
928,661,106,3728,416,5
929,711,106,3729,477,6
930,689,101,3731,457,5
931,703,99,3732,479,7
932,672,102,3732,456,7
933,675,100,3733,429,4
934,657,110,3736,436,6
935,686,108,3736,455,5
936,693,114,3739,449,4
937,745,105,3739,500,5
938,704,109,3742,468,6
939,690,100,3743,446,4
940,671,98,3745,434,5
941,629,103,3747,407,6
942,674,90,3747,436,4
943,678,96,3747,428,4
944,674,109,3748,427,4
945,684,99,3748,455,6
946,691,102,3749,471,7
947,657,99,3749,458,11
948,675,109,3750,458,10
949,707,116,3751,461,5
950,642,106,3752,401,5
951,676,105,3753,431,4
952,661,113,3753,419,4
953,661,110,3753,417,5
954,689,108,3756,472,8
955,683,96,3756,454,6
956,686,93,3756,459,5
957,645,97,3756,426,5
958,712,102,3756,482,4
959,695,99,3756,455,4
960,641,105,3757,416,6
961,646,111,3757,393,4
962,706,113,3758,471,5
963,699,99,3758,469,5
964,638,100,3758,419,6
965,645,100,3758,425,6
966,647,100,3758,403,4
967,635,103,3759,406,7
968,687,98,3760,456,6
969,690,103,3761,452,4
970,702,107,3764,461,4
971,656,110,3764,416,5
972,652,108,3764,429,7
973,711,105,3764,473,7
974,705,102,3764,473,8
975,690,104,3765,454,6
976,676,109,3765,437,8
977,689,109,3765,447,6
978,700,115,3766,457,5
979,672,100,3767,416,4
980,662,103,3768,409,4
981,657,102,3769,402,4
982,699,93,3769,456,4
983,697,99,3771,447,4
984,660,104,3771,406,4
985,693,99,3772,445,4
986,716,106,3774,488,6
987,714,104,3774,485,6
988,673,105,3775,425,4
989,670,103,3776,435,4
990,739,105,3780,501,5
991,671,109,3782,449,9
992,696,111,3782,444,5
993,692,116,3784,443,5
994,704,110,3785,468,4
995,673,104,3787,445,4
996,612,93,3789,406,6
997,695,103,3789,456,6
998,701,105,3789,459,6
999,692,102,3790,457,4
1000,678,101,3790,444,5
1001,693,97,3790,461,5
1002,674,100,3790,438,5
1003,686,94,3791,463,7
1004,714,101,3791,472,6
1005,708,99,3794,462,4
1006,656,99,3794,421,4
1007,718,106,3794,477,6
1008,692,114,3795,436,4
1009,680,110,3798,457,7
1010,636,104,3799,393,6
1011,631,107,3799,396,6
1012,650,92,3800,407,4
1013,658,94,3800,426,4
1014,694,91,3802,471,4
1015,684,100,3805,455,8
1016,684,108,3806,464,10
1017,725,105,3807,478,5
1018,667,112,3807,433,7
1019,689,103,3807,437,5
1020,668,113,3809,432,7
1021,675,108,3809,452,8
1022,673,108,3809,450,8
1023,697,101,3809,458,5
1024,686,110,3810,443,4
1025,674,114,3810,425,5
1026,706,101,3811,456,4
1027,711,108,3812,456,6
1028,685,104,3814,433,6
1029,685,105,3814,434,5
1030,727,103,3814,488,5
1031,665,110,3815,413,4
1032,627,102,3815,380,5
1033,658,109,3816,422,4
1034,706,105,3817,463,4
1035,674,106,3818,424,4
1036,664,109,3820,434,5
1037,663,112,3820,407,4
1038,688,106,3820,432,4
1039,703,96,3821,451,4
1040,669,100,3821,425,4
1041,648,102,3821,408,5
1042,680,106,3822,432,4
1043,654,102,3822,413,6
1044,680,109,3823,424,4
1045,678,113,3825,424,4
1046,708,108,3825,474,7
1047,740,112,3826,514,6
1048,657,101,3827,436,7
1049,656,106,3827,421,8
1050,711,107,3829,460,5
1051,665,108,3829,429,5
1052,652,106,3830,410,4
1053,696,99,3831,474,5
1054,666,100,3831,436,5
1055,686,101,3832,453,7
1056,671,97,3832,431,4
1057,663,100,3832,428,5
1058,684,106,3832,461,7
1059,717,102,3834,478,5
1060,677,104,3834,438,4
1061,700,103,3837,482,5
1062,682,105,3837,449,5
1063,690,108,3838,438,5
1064,706,104,3838,463,4
1065,688,104,3838,452,5
1066,704,101,3838,485,4
1067,658,109,3839,444,9
1068,711,100,3840,471,4
1069,662,106,3840,414,5
1070,697,103,3842,458,7
1071,663,106,3842,419,7
1072,704,102,3842,474,6
1073,670,110,3843,429,5
1074,630,98,3844,399,6
1075,690,98,3845,456,6
1076,703,101,3846,480,8
1077,707,103,3847,460,5
1078,694,108,3848,463,7
1079,677,102,3849,428,5
1080,679,113,3850,445,6
1081,674,101,3851,442,7
1082,701,110,3852,454,6
1083,696,103,3853,443,6
1084,683,100,3854,464,9
1085,674,113,3855,418,5
1086,696,107,3857,467,6
1087,694,107,3859,449,5
1088,728,113,3862,496,5
1089,717,111,3863,478,6
1090,705,98,3863,471,6
1091,728,95,3863,502,5
1092,712,106,3866,482,5
1093,679,109,3867,451,6
1094,672,108,3867,429,5
1095,668,94,3867,432,6
1096,651,99,3869,449,11
1097,638,97,3870,436,9
1098,638,104,3870,396,4
1099,680,96,3871,454,6
1100,699,107,3872,442,4
1101,633,99,3872,388,4
1102,714,102,3872,480,5
1103,655,103,3875,419,5
1104,746,103,3876,525,6
1105,661,102,3876,432,7
1106,695,104,3876,449,5
1107,672,94,3876,442,5
1108,640,101,3877,424,7
1109,685,107,3879,452,5
1110,666,101,3880,439,5
1111,673,106,3881,446,4
1112,675,105,3881,444,6
1113,679,95,3883,439,4
1114,712,101,3885,467,4
1115,674,102,3887,443,5
1116,594,100,3887,376,7
1117,667,109,3888,423,5
1118,683,114,3890,441,4
1119,701,105,3891,466,6
1120,701,103,3892,489,7
1121,698,102,3893,457,5
1122,661,100,3894,429,6
1123,656,97,3897,422,4
1124,688,104,3897,452,5
1125,687,98,3897,465,5
1126,701,103,3898,460,4
1127,634,98,3898,395,5
1128,683,103,3899,465,7
1129,676,105,3901,451,7
1130,713,107,3901,462,5
1131,692,116,3903,453,6
1132,681,112,3903,437,5
1133,704,108,3905,482,8
1134,666,100,3907,416,4
1135,729,104,3911,480,5
1136,693,110,3914,446,5
1137,678,105,3914,456,8
1138,636,102,3915,399,6
1139,668,112,3916,407,4
1140,723,106,3917,489,5
1141,685,108,3918,443,6
1142,707,99,3918,470,4
1143,719,99,3920,486,4
1144,678,102,3921,447,6
1145,687,106,3924,469,7
1146,692,104,3924,456,5
1147,705,98,3925,468,6
1148,659,98,3925,411,5
1149,673,102,3925,414,4
1150,713,104,3925,477,5
1151,648,112,3927,412,7
1152,712,101,3928,455,4
1153,691,99,3929,458,6
1154,681,106,3929,433,4
1155,697,101,3929,459,5
1156,711,108,3930,475,4
1157,702,109,3931,472,5
1158,713,106,3932,471,5
1159,705,113,3932,453,5
1160,731,103,3933,489,4
1161,695,103,3933,449,4
1162,660,97,3933,434,8
1163,647,99,3933,415,5
1164,657,98,3934,424,5
1165,711,109,3934,460,5
1166,691,108,3934,453,5
1167,675,110,3935,448,6
1168,667,102,3935,413,4
1169,692,100,3935,449,6
1170,701,104,3936,454,5
1171,637,104,3937,401,7
1172,705,102,3937,449,4
1173,687,110,3938,444,4
1174,690,99,3939,449,5
1175,695,111,3939,455,5
1176,673,101,3940,449,7
1177,668,108,3942,436,5
1178,670,104,3942,426,4
1179,643,95,3942,416,4
1180,669,105,3942,445,4
1181,672,100,3942,452,6
1182,680,100,3943,460,9
1183,674,101,3944,452,6
1184,672,99,3947,439,5
1185,679,100,3948,461,7
1186,685,108,3948,454,6
1187,656,106,3950,406,4
1188,731,106,3950,479,4
1189,706,100,3951,483,6
1190,674,104,3952,435,4
1191,683,99,3954,461,5
1192,715,106,3955,492,4
1193,717,91,3955,479,5
1194,678,95,3957,436,4
1195,686,102,3958,439,4
1196,695,99,3960,441,4
1197,683,111,3961,442,5
1198,690,100,3963,470,7
1199,675,97,3965,448,5
1200,707,104,3966,464,5
1201,646,93,3966,421,6
1202,702,102,3966,467,4
1203,682,103,3968,452,5
1204,638,103,3969,388,4
1205,646,108,3970,403,6
1206,704,107,3971,441,4
1207,670,103,3972,423,4
1208,690,106,3973,461,6
1209,664,101,3975,424,4
1210,730,104,3976,495,4
1211,687,107,3977,439,4
1212,650,102,3977,405,4
1213,670,108,3979,428,6
1214,651,107,3980,409,5
1215,641,105,3982,419,7
1216,672,108,3982,428,4
1217,704,106,3982,465,5
1218,694,107,3983,445,5
1219,671,104,3983,420,4
1220,692,101,3983,442,5
1221,672,105,3983,435,5
1222,676,107,3984,429,5
1223,679,101,3984,475,8
1224,612,103,3985,373,4
1225,658,102,3985,417,5
1226,636,98,3985,392,4
1227,677,97,3987,452,5
1228,625,90,3987,406,6
1229,679,106,3988,434,4
1230,651,115,3988,393,4
1231,677,110,3989,426,4
1232,602,110,3989,362,5
1233,674,101,3990,431,4
1234,698,105,3992,466,5
1235,692,107,3994,446,5
1236,649,101,3995,425,6
1237,704,107,3996,472,6
1238,648,106,3996,419,6
1239,676,98,3996,452,6
1240,648,97,3996,412,4
1241,651,100,3996,413,4
1242,685,101,3997,451,4
1243,667,108,3997,417,4
1244,678,102,3998,432,4
1245,679,105,3998,454,6
1246,668,101,3998,413,4
1247,651,102,3999,420,7
1248,636,108,3999,410,8
1249,662,107,4003,421,5
1250,694,107,4003,437,4
1251,720,101,4003,487,4
1252,693,99,4003,464,5
1253,665,97,4005,439,4
1254,688,97,4006,462,4
1255,715,100,4009,492,4
1256,698,101,4009,462,5
1257,721,104,4010,497,6
1258,707,104,4010,461,5
1259,708,108,4010,462,4
1260,685,105,4010,457,7
1261,736,105,4010,503,6
1262,731,96,4012,504,5
1263,694,96,4012,475,6
1264,685,96,4012,453,4
1265,671,109,4012,433,4
1266,708,105,4012,469,4
1267,675,111,4012,454,8
1268,709,111,4013,482,5
1269,670,115,4015,425,5
1270,694,109,4016,449,5
1271,670,106,4016,423,4
1272,675,112,4016,439,5
1273,627,104,4017,395,6
1274,656,111,4018,416,8
1275,648,101,4019,432,8
1276,684,105,4020,452,5
1277,697,106,4020,472,6
1278,722,101,4021,494,6
1279,668,98,4021,437,6
